k index for cos or sin, phi_1 freq, phi_2 freq, parameter index, Number of parameters, u_{-2, 0}, u_{-1, 0}, u_{0, 0}, u_{1, 0}, u_{2, 0},  u_{-2, 1}, u_{-1, 1}, u_{0, 1}, u_{1, 1}, u_{2, 1}, u_{-2, 2}, u_{-1, 2},  u_{0, 2}, u_{1, 2}, u_{2, 2}, u_{-2, 3}, u_{-1, 3}, u_{0, 3}, u_{1, 3}, u_{2, 3} 
coscos, 0, 0, 0, 5, -27.36972662795459, 46.4343801743651, -26.84150573516446, 6.357298399276303, -0.4460932410633664, 355.5820556337573, -571.3096449851901, 304.9758955597906, -60.466467518735705, 3.073225754360112, -568.8354182694619, 656.6259223549766, -90.2966731206782, -95.3369564886074, 23.78080574317636, -176.182441747199, 785.1936349549952, -915.3127345615761, 391.0990406806934, -53.98013228594908
coscos, 0, 0, 1, 5, 5.836472067878869, -8.994535829961464, 6.051483250162173, -1.1681449893858327, 0.089300835809592, -122.74470706992265, 181.38413064684948, -90.5562886953923, 18.125038994719596, -1.2451207047758144, 335.84676259736335, -452.2927398200123, 196.2427241996401, -31.84405977993013, 1.4843426393551382, -229.12682824146054, 271.5942811287343, -93.64231352453511, 8.809421932809148, 0.16635079184616003
coscos, 0, 0, 2, 5, -3.9805432086747383, 4.484563824720868, -0.6753711618883812, -0.30590268098895956, 0.059843612152641265, -18.15604433682988, 55.932665156054775, -53.15054120730541, 19.089330823794626, -2.0682310749822066, 590.4306962181671, -1098.4832929598147, 727.6067297854992, -199.63756587285755, 18.00814743552671, -1123.91693199183, 1941.7822154832738, -1164.9484295485486, 278.7067811966577, -20.179607656042542
coscos, 0, 0, 3, 5, 309.1120696505677, -497.89758244840755, 280.1679345592485, -63.24834902969571, 4.971582558476206, -5777.789703818073, 8924.718102797746, -4687.105831198098, 1002.1442649336054, -74.28036192008997, 19471.365409515925, -28776.075915777255, 14325.749454905908, -2851.1466985472625, 188.8914132414383, -17285.669678337756, 24383.8006154635, -11310.891447676086, 1987.6219639876413, -101.21013989835339
coscos, 0, 0, 4, 5, 568.895277368539, -1033.227759155558, 666.5338728150972, -177.34567244251406, 16.362315927947435, -7842.398228708726, 14628.89598062646, -9605.107866299248, 2587.3664097924566, -226.7258346155416, 53877.35800082552, -95119.76145968551, 58447.88630739683, -14496.133240900092, 1136.9128098698645, -63677.127641037325, 102855.98987587771, -54514.25072383571, 10050.376342160871, -235.85849989484996
coscos, 0, 1, 0, 6, -6.0271286323416815, 10.617791606330258, -7.12412120593922, 2.0033795078041576, -0.16541822331765757, 79.09826666256696, -136.96337518481198, 84.73574924950807, -21.923380057687485, 1.924867188759611, -211.60574642142987, 362.35204654728653, -219.1086783589104, 55.0483243310779, -4.595578201377718, 201.39871958158804, -353.52404912902847, 221.3824916565037, -58.653792050189345, 5.437703293321547
coscos, 0, 1, 1, 6, -11.74557019414283, 13.477381596092437, -4.238492190155847, 0.8305995958777921, -0.04454792672175846, 127.73259621331508, -140.96898481541407, 51.43257823631843, -6.925010671004509, 0.24591652141233034, -218.95784800088333, 165.01359831080867, -8.198667318270108, -14.15655777579774, 2.119315163734698, 56.44628408169054, 57.08396051306052, -96.74897629193875, 32.893057039356414, -2.946452387044312
coscos, 0, 1, 2, 6, -5.05448051532913, 7.37950313282403, -3.6447580075931327, 0.7930792603430068, -0.058116502575887456, 106.96766176550202, -147.23932434779576, 69.99739520636136, -13.429850164907325, 0.8615080773057466, -264.4666061528446, 319.98496797757394, -119.81904353457782, 13.379538875069121, 0.14211743722457204, 140.22849799056, -115.03042499348868, -0.140374676321025, 15.339325716010901, -2.415654276661313
coscos, 0, 1, 3, 6, -9.846128381583306, 20.916141501400368, -15.720296960962177, 4.857951227062454, -0.4886904848549772, 197.18593318170844, -376.91762808855924, 259.1589387328861, -75.62415232345873, 7.8362831749230875, -829.0755584471394, 1535.2218959638487, -1016.3817997806494, 283.2510410625307, -27.583534983904126, 1028.3176865176229, -1884.565496014749, 1233.5351251570994, -340.38269542258996, 33.21462576065446
coscos, 0, 1, 4, 6, -2.3094834805750426, 4.502505419900565, -1.22987098722667, 0.8441647223424723, -0.10014771999034802, 58.187792165624586, -111.13158256998422, 74.42876063692827, -21.027059806159013, 2.157353186354317, -264.6441921253516, 485.05180714521435, -311.9946658719383, 83.32178533715978, -8.09240202596529, 312.06378680496607, -559.8232666838795, 352.22953105262525, -92.65492682544308, 9.029397712465027
coscos, 0, 1, 5, 6, 9.550457205886152, -11.576236276512407, 3.7788788776815263, -5.3668210750016344e-05, -0.0638005946043643, 62.450299494085044, -130.64661579056153, 95.64507337618164, -28.681997011533035, 2.8891847776075372, -423.45656413240573, 770.3460046882462, -496.69289134439146, 133.03179015153134, -12.060531347817397, 520.4592158947975, -908.1348742089799, 554.2598484869575, -137.32791044172512, 10.964589519275162
coscos, 0, 2, 0, 6, -113.57716512476878, 218.49435804546866, -158.0658286401408, 53.65714584960117, -5.566971665730009, 4595.984913232898, -8094.159645757076, 5042.815875869655, -1304.5662763009027, 115.26838991529056, -18913.75865106957, 32408.121265691196, -19341.491497310344, 4679.401158863633, -368.7199507968174, 18391.07847010424, -30132.91453174437, 16711.135159587415, -3520.531493867067, 200.03238779050457
coscos, 0, 2, 1, 6, -3.5638873654768255, 4.365427313394099, -0.25766596573514855, 0.046195123535671345, 0.011631846675522209, 29.35457106115882, -36.33133457310398, 11.439825992630801, -0.0863367570204619, -0.25088490401971747, -0.8348606912540555, -47.80706441970813, 66.39851493582697, -27.840719237619478, 3.5805856618266816, -122.94672027905433, 273.2926580604902, -214.38558539172305, 69.66348137813466, -7.870316977276207
coscos, 0, 2, 2, 6, -1.4634664213857294, 2.233190617350374, -0.9561946269724826, 0.21611461351211114, -0.01665862126784584, 26.419683872275982, -42.19849213971123, 22.830140071223514, -4.842838228456594, 0.32112909895518443, -74.53594470764908, 111.47983870514496, -53.056828170245495, 8.191802163231245, -0.07048014044825761, 31.47031769867664, -25.10559740188434, -10.26978644701044, 11.957511115502964, -2.258711268676474
coscos, 0, 2, 3, 6, -78.46649818037947, 96.56573382740473, -16.197719317953833, -1.938374306140509, 0.5428129620061238, -38.44077829912269, 332.00847852243965, -404.2979083801149, 142.79175092655314, -15.350706254749422, 2657.491401616702, -5223.954369000659, 3598.261414871842, -995.1652170859892, 94.11090102809545, -4300.837247271471, 7847.489012955053, -5007.189159902626, 1303.789540701415, -117.06939946938368
coscos, 0, 2, 4, 6, -8.76309533752763, 15.553828819692, -12.720649291584621, 2.7054905380135863, -0.2542822426276791, 146.18017619857537, -258.82810361800034, 162.50709588300526, -42.942713422961944, 4.000614597345934, -570.4669328027516, 1001.3147620667256, -620.5493086129937, 160.65067308325538, -14.446158999764062, 677.6414873693501, -1189.5749522736414, 738.8689407246088, -191.84367160095897, 17.462296119619886
coscos, 0, 2, 5, 6, 7.762862336099846, -14.041392393229527, 11.15126476542161, -2.6220699834455146, 0.2581435602626427, -143.63632650743656, 257.0251521182864, -163.647911023065, 44.0863278393833, -4.216005653136604, 582.5376988500908, -1032.3677843158405, 648.0436350841458, -170.86521745804006, 15.753317752315892, -715.2910738997383, 1268.6334594978862, -799.2944460238385, 211.7225051255357, -19.804017655689723
coscos, 0, 3, 0, 3, 11.253576215988813, -20.58440926249837, 13.623236176635466, -3.904227686002353, 0.4121221745820606, -196.3105562790618, 346.48361344512523, -217.98261029255536, 58.39243493120945, -5.662822045386188, 784.2464025671375, -1371.8639084130436, 853.0481244585712, -225.32189633204726, 21.556265651093657, -848.5061470833391, 1469.6686783344235, -900.8327258474056, 232.95208533943, -21.561914017772832
coscos, 0, 3, 1, 3, 29.667243968873628, -38.898344659193654, 18.9088525217243, -3.693778582209489, 0.3002475085894613, -594.7524573533344, 807.0832670655258, -364.8098181991067, 69.7634080854517, -5.11057602026285, 1509.4015988833692, -1833.506728317816, 686.5086655214743, -105.87339765788577, 7.399571561378086, -970.1272058077558, 1046.1366604305056, -340.6657937921497, 67.93897879765456, -10.277845740201366
coscos, 0, 3, 2, 3, -6.792685112410936, 8.681404303531902, -3.136552891683294, 0.22054684020740561, 0.04000247836902485, 73.44600678415958, -90.77877025134799, 30.53212729646588, -0.607712207309421, -0.6927549986065604, -161.32085029489062, 146.62783764512483, 4.671332373144199, -29.915013747931262, 5.858100462429436, 23.000530814922566, 116.70476142317658, -187.46328260889396, 85.04736170315525, -11.900762761593054
coscos, 1, 0, 0, 6, 223.17301566491972, -387.246212215462, 233.01645695861586, -56.45888187786836, 4.743689976369408, -2903.770918976652, 5055.534489933083, -3088.517025612877, 780.6791842228131, -67.23845471115463, 10502.586162306116, -18200.522910071897, 11049.181929012955, -2758.1106455361037, 231.7856568307761, -11729.501514290328, 20307.49759613628, -12313.569412495679, 3068.0216506431057, -258.63637170625697
coscos, 1, 0, 1, 6, 23.43972031875543, -41.306096506850444, 26.762822352982138, -6.476657882432391, 0.5661436926446026, -354.5978405624491, 620.3611245462878, -381.46719569319123, 97.27620397636132, -8.595529216471649, 1379.1401729989652, -2397.5367572347172, 1462.3975056769088, -368.39239420590366, 31.951461874529137, -1604.8282781280625, 2783.570111918467, -1693.4044272904675, 425.6186281707996, -37.017380215435246
coscos, 1, 0, 2, 6, 6.353484743101778, -11.00896860013764, 6.871327349136525, -1.689636591266713, 0.14931926690360334, -96.38759385705562, 168.60702919796282, -103.91686074671514, 26.68952298556511, -2.3829345453629087, 379.49889744697646, -661.5389674446984, 405.62163818243255, -103.01189024922792, 9.040451702846216, -448.05713839920986, 780.0410165759296, -477.3781762049377, 121.00460075823409, -10.638475117422917
coscos, 1, 0, 3, 6, 239.2453061635524, -423.7405184852649, 260.57679888141337, -62.27796804222868, 5.159201745009174, -3268.619670326166, 5683.391817243162, -3434.6797170958066, 844.5087026144965, -71.18403128221244, 12213.483190648067, -20979.023982859522, 12489.541682680365, -3011.832556482166, 244.623810782506, -13297.236684890313, 22556.47877872402, -13179.704714120719, 3093.9264481075243, -240.9096336249473
coscos, 1, 0, 4, 6, -1.5084139267590815, 0.8167904037938715, -4.322348144376733, 0.49156801477483064, -0.07876435806145983, -2.276191156558392, 5.965517501500607, 0.1605350499863377, -2.2707465573175605, 0.5665353336560787, 43.45361185431375, -62.99443092012503, 18.528487193858656, 3.9968445465524107, -1.5443381869650847, -70.13113743614844, 105.52161089257638, -43.21000178191359, 3.0234964536037747, 0.7260280222682601
coscos, 1, 0, 5, 6, 4.823202262675597, -3.028288149145799, 4.8518244392819945, -0.8760533166995196, 0.1399154141766526, 21.07077835671339, -48.73666669113866, 24.84029045483868, -2.3575942127571956, -0.47469920261730747, -159.81257111335265, 258.5279859505492, -117.36811932235175, 11.536328996857879, 1.5091387260009896, 210.03490479118764, -327.5684264915988, 152.13920753701566, -20.692346750139894, -0.38343042920985554
coscos, 1, 1, 0, 7, 153.66901728824462, -235.67343738788648, 122.25762345851307, -26.819523085116714, 2.00553164492769, -2083.1759612366363, 3427.7328664539796, -1917.7489338739138, 419.5843099822018, -29.693957941028113, 6253.512275259013, -10043.80184264982, 5349.311782593165, -1048.9862060595879, 52.00492983733202, -4126.997061446493, 5726.067061234505, -2118.6530067036542, -17.993216471162608, 83.87686714324974
coscos, 1, 1, 1, 7, -15.654360704694422, 24.27230538022556, -11.15569852303466, 2.5181358559687173, -0.18497020410547996, 182.07272106757554, -292.9280695023073, 159.7759008968942, -34.51011976943453, 2.4808410491267083, -563.6401347453906, 886.8660501623191, -464.16516249506725, 91.79654635125777, -5.320675598676438, 421.86824467287033, -596.2440627268916, 246.59162828332566, -21.39843099327571, -2.935622472862454
coscos, 1, 1, 2, 7, -4.864184839364956, 7.78031873739278, -4.109122184150204, 0.9790553530770274, -0.08334370981161472, 70.77499051638942, -118.17931102764106, 68.50422745045358, -16.218001945310526, 1.3303375573050882, -257.1563933998731, 426.8637891342586, -243.96911823254217, 56.1086958258994, -4.302543193791034, 242.56281277597833, -387.4452105240636, 206.93446271624376, -41.69249392093476, 2.344297983955998
coscos, 1, 1, 3, 7, -190.20413548056612, 271.8698263860598, -121.37497807458983, 22.542480012719185, -1.4164779298699943, 1433.7214909920028, -2146.769001926784, 1043.3522452294594, -187.7729067077577, 10.173989661868111, -2721.3022263696516, 3602.8691085768196, -1277.0665567090778, 30.656048905806614, 23.353366315321125, 838.2498154435001, -140.27250047157168, -999.3746845715175, 607.6010778467898, -83.2865052728863
coscos, 1, 1, 4, 7, -33.92707800777078, 61.68015372387808, -44.335340372172226, 11.44564784748223, -1.199343012739896, 666.3226782526252, -1230.1556179727036, 810.3246857969192, -225.5717101546535, 22.445319131186384, -3135.560166517528, 5771.716808205806, -3787.8535620266825, 1047.5260937058647, -102.39114373177489, 4023.711041429457, -7327.847943527276, 4737.232574591561, -1278.068495164078, 119.03916177269693
coscos, 1, 1, 5, 7, 95.89026057181863, -175.17502877318927, 119.547908723977, -32.981824085121616, 3.4453937958761487, -1805.9728475545605, 3335.020545509679, -2205.1560542617326, 618.5538439096771, -62.23561527429335, 8397.889272170598, -15485.202175824092, 10213.830680191724, -2852.2986403682908, 283.7557560340733, -11198.999960836212, 20561.261746897173, -13483.088309498688, 3729.259349240235, -363.9825637113305
coscos, 1, 1, 6, 7, -6.395003071822199, 9.908463237730686, -4.681166657342918, 1.5881857147501124, -0.1488684189408479, 101.2942693739664, -179.18846630307712, 114.68600529140026, -31.22112634277011, 3.0259103376562546, -403.62190743122164, 726.3124304250312, -469.40793014211243, 128.6025531720569, -12.57351591148614, 498.1017459629207, -905.3246425270397, 591.1988430543144, -164.0954752627006, 16.38930274735395
coscos, 1, 2, 0, 7, -454.97926978646285, 743.0721078526202, -405.44085712969115, 79.90421003965811, -6.723041202706062, 4552.9049628642615, -7689.876015565023, 4557.96658157845, -1128.3712188555435, 105.83128673308124, -16006.499017208036, 27520.782613866446, -16726.87233113999, 4279.668152028945, -403.91192326317264, 18154.996474012984, -31653.2931659304, 19608.233224161417, -5160.087671092282, 503.84056544972844
coscos, 1, 2, 1, 7, 4.524801250968912, -7.379346027192638, 5.319035020999081, -0.8855474683494292, 0.06669989370476881, -47.542657293630434, 77.4319975319097, -43.605671767793055, 9.948680465711364, -0.8305390646766955, 156.51248435631757, -257.1090562306749, 146.2336713959668, -34.02931832702742, 2.8720309792999874, -156.65927099065468, 256.7204923376514, -145.18296451780222, 33.519743052958574, -2.801979046362793
coscos, 1, 2, 2, 7, 0.7414003565730788, -1.0603964738137632, 0.6289788092991537, -0.0783993588056177, 0.004184805210987961, -5.153889700804246, 7.50498032414414, -3.575811421214021, 0.6477178588015975, -0.045287078542604026, 13.176180220678775, -19.507380706863103, 9.590934006670153, -1.8406162297622872, 0.1524443880981029, -11.07998201681449, 16.25653209172458, -7.7964135678224, 1.4451766072028511, -0.11764178665308687
coscos, 1, 2, 3, 7, 315.61536316694776, -486.03448155299236, 253.90186958463732, -45.62786563497026, 2.8804773787024196, -2373.8320778868356, 3572.501920024277, -1746.9218813112143, 308.3249275796679, -20.01743531574268, 5970.1016983237905, -8813.22316298651, 4169.335279005441, -713.4800010911606, 49.822220645583585, -4722.001402423649, 6761.03094175817, -3033.700589470843, 487.77542772548986, -39.50801583306339
coscos, 1, 2, 4, 7, 4.419415039520312, -6.663485999468107, 0.24851275505811782, -0.7042152547584659, 0.05593653597112369, -44.277983690073896, 68.91894018898749, -38.704482400122906, 9.02410878175093, -0.8072689909652582, 151.80706384006712, -246.1973892466908, 141.94880767579022, -34.35627964248575, 3.115157274894376, -155.47159358195978, 256.37750724695206, -147.1572769186677, 35.32836553321112, -3.0697413680571692
coscos, 1, 2, 5, 7, -6.622310697916521, 9.921867743722245, -2.471018947496999, 0.9941945508342857, -0.07683091184681029, 61.548920456625346, -94.30787439218143, 52.24626137341563, -11.999826834048239, 1.074469762014978, -208.61729871653026, 334.7068691221479, -192.13655817488046, 46.43924654893506, -4.266668111987626, 213.1947370172545, -349.02888237023654, 199.84218079388393, -48.03650944090902, 4.225204878924314
coscos, 1, 2, 6, 7, 0.262629120132418, -0.3880764277857572, 1.2630545274659195, -0.018750039040470314, 0.0013899403032807517, -3.73744472812972, 5.60936474959827, -2.9193969625816054, 0.5833683272456249, -0.045294881308590315, 13.241560761086728, -20.000411478040103, 10.329003682505997, -2.089574592586185, 0.1288793259559128, -9.920845919769354, 12.988595860425518, -5.122187664744632, 0.293784034052346, 0.10018496487063862
coscos, 1, 3, 0, 3, -2.8467776967008973, 4.686782074585541, -2.5619253927557364, 0.48386885525502515, -0.031583831291354114, 21.148517131005693, -34.210713228359786, 18.667071925039714, -3.9406793551318176, 0.25178737063978657, -48.9567166648678, 75.42555559487226, -37.90895182891945, 6.745436200431365, -0.21493257698269297, 38.077165318249804, -56.77464725958496, 27.036396524135203, -4.293370521973638, 0.0795802729866948
coscos, 1, 3, 1, 3, -0.4493488771114703, 0.46659644168311637, 0.9993263978175604, 0.010556149107552034, 0.00030047379736332006, 1.7698522683495685, -2.010586977325772, 0.5611039996913558, -0.051892826528649356, 0.0015896267457041482, -2.5389713264501674, 2.587543278742686, -0.6978309509557441, 0.07127758652793356, -0.010132154605937749, 0.049488918701217625, 1.2635210364402218, -1.6575732411942483, 0.6268949883759107, -0.08216328796589703
coscos, 1, 3, 2, 3, 0.1865842097476959, -0.3057704294453491, 0.26974473998168963, -0.03712519031713101, 0.0019122452336366661, -1.356033469965942, 2.18715489548364, -1.1746674451931747, 0.22511976393914565, -0.008874093109776694, 3.1345615377439353, -4.656493285970469, 2.155951604224582, -0.28511435768061366, -0.011808732091671981, -2.6564528889224723, 3.785750984336444, -1.6686113877652904, 0.18365770808989235, 0.0179841181043248
coscos, 2, 0, 0, 6, 97.03603210328484, -170.26857207277033, 104.09401421593462, -26.715253106942257, 2.230201053649639, -1413.528462596205, 2457.533113530953, -1493.0030515027026, 369.17590294324367, -31.144076186747697, 5216.405428679453, -8869.969586663354, 5214.857001777704, -1233.610395113677, 96.00388825568211, -5387.657763793016, 8929.623727076747, -5058.7243928694, 1126.4456126495527, -77.93617031430429
coscos, 2, 0, 1, 6, 0.7785225124444439, -1.5386288646144852, 2.19788691016358, -0.36462870091752203, 0.0318940028293923, -30.988575071003652, 50.88513748266476, -28.964535897664494, 6.597078786201068, -0.5122881855170889, 110.98813597338646, -174.59705075551184, 93.69406094713212, -19.892222913365323, 1.3600457237023063, -101.18384619392006, 151.55014881649998, -74.89290043389694, 13.363448870934336, -0.5809838025656506
coscos, 2, 0, 2, 6, -1.8706328287084102, 2.9921896823039185, -1.4008264197328375, 0.307855866757213, -0.024271927544733767, 19.769301718107204, -32.44804348351888, 18.30449246777637, -4.198609360594214, 0.3293703955058729, -66.55352178996606, 107.82643300349682, -58.98096239773802, 12.657246097490944, -0.875290381027536, 63.46665525174691, -99.70993678184533, 51.72844274463595, -10.183198350068352, 0.5978517680291339
coscos, 2, 0, 3, 6, -21.79507178500343, 35.83099175363171, -16.245695943099307, 3.8378738397359213, -0.27677958844409845, 185.86659766869892, -313.4970282334403, 177.02156504098255, -40.32385602083618, 3.0719628215461405, -629.2307637197454, 1056.1029335508251, -587.6210796937888, 126.83175055451969, -8.321822554771211, 580.2068255081097, -924.3698257845256, 468.77041671083197, -82.66245626328484, 2.5764840271552503
coscos, 2, 0, 4, 6, 4.890969243687637, -8.264514661847972, 6.8030503593089255, -1.3839961702405363, 0.11892767689391952, -85.00062894494366, 143.7364571519785, -86.7073517574231, 20.997385625771905, -1.7691413978291841, 327.2867391920258, -546.7614976192123, 318.4701768700854, -74.43946246593507, 5.874345956589505, -340.1990663254206, 555.5686707557685, -310.86860887365714, 68.08027127348633, -4.781021842174798
coscos, 2, 0, 5, 6, 11.154090140161747, -20.25348422870874, 13.83778588850249, -2.469242774139784, 0.17392975743977532, -97.73379484786444, 175.39974900665445, -102.08726630124698, 22.34777147628085, -1.464856111057007, 309.43167038162534, -525.1941441790765, 286.36447558558757, -55.08402487378978, 2.0291745759502127, -258.418481013553, 393.68289440940987, -174.52350275268546, 15.22960991544149, 3.077165234220076
coscos, 2, 1, 0, 5, -109.37752917616687, 195.08492415361897, -123.48095248318437, 32.53768153105542, -2.7658735646445316, 1840.9746594535695, -3155.68108365685, 1900.6085808126966, -475.4147562094198, 41.355204763314546, -6471.383895705747, 10817.043635456661, -6297.636028073006, 1500.5368173992201, -120.3516900156687, 6228.315983623505, -10146.036935626093, 5676.410409999006, -1265.8551160115962, 90.23956141457695
coscos, 2, 1, 1, 5, -0.8192264140344483, -0.6898130100323345, 1.9653399620545347, -0.3146392696384701, 0.026085534322488148, 107.27577567298972, -66.16246693626873, 8.104584625985202, 1.0204482973320612, -0.1507222511391568, -120.56513065934305, -50.43954816621576, 69.90672741834402, -14.778575354779393, 0.5779306447164037, 54.22161399434453, 13.41904211399748, 17.07884960181949, -19.13503765545901, 3.2222487513403766
coscos, 2, 1, 2, 5, 31.9868220599426, -31.456009198493685, 10.589389548982517, -1.380789518657794, 0.057322892316829216, -217.09706712228817, 190.89684812235856, -46.17826866771565, 1.5078677836518055, 0.297944379774093, 235.51341285159447, 8.31930455296564, -149.3166400501759, 52.48526428360714, -4.398087352640851, 4.511193248068007, -243.46454029024432, 189.6675823049556, -34.574863572386455, -0.19875881184812752
coscos, 2, 1, 3, 5, -20.31513783151384, 1.6166125786954701, 6.112974990703121, -0.6918228249172041, 0.023013257807221323, 44.036307764494005, 382.7992391786563, -282.8294984647577, 56.78176219089907, -2.8990285550576695, 3117.596517862052, -4917.8795597540175, 2231.5588064902277, -328.09225370239443, 7.82001040347827, -2315.327733723229, 1913.2520487120892, 436.9449884312151, -553.3942337811326, 90.84944856703429
coscos, 2, 1, 4, 5, 11.430382129539034, -19.360443331879114, 11.538131194039014, -2.09142385587731, 0.14536523040999663, -246.5246857729684, 332.29996703246616, -150.72379438104218, 27.139137382922833, -1.687343005869126, 541.3844996410254, -603.0449512472015, 195.44132138184398, -15.612963099448736, -0.5910356344824663, -282.66517058578177, 224.46099180188105, -16.657746873732712, -12.38627083511507, 0.8833483842239068
coscos, 2, 2, 0, 5, -140.4810730237624, 246.03315426763405, -151.70880543490995, 39.01504706807556, -3.3666241551345477, 2089.76915424827, -3633.702997867626, 2228.0335014725483, -568.0760887040707, 51.21919700280094, -7946.404296795334, 13726.642536619322, -8334.051112773876, 2096.692659941815, -183.14217377338383, 8741.136061923335, -14975.102355699682, 8976.664112774506, -2208.841841280818, 185.47012390706996
coscos, 2, 2, 1, 5, 1.619730664281854, -2.8032265754611783, 2.4824013743269338, -0.37016808920906963, 0.030290823891957096, -22.106298373703257, 36.85543835603876, -21.369632443786408, 5.0310846898531665, -0.4117072081766977, 79.38207175122409, -130.6081504508097, 73.95761715520257, -16.769359416487255, 1.2559072809569265, -77.35515375141915, 123.39967422560936, -66.34904447924839, 13.683343778585927, -0.8602960665916162
coscos, 2, 2, 2, 5, -0.719457621332764, 1.2879973479096467, -0.6950807666738658, 0.18212190430783073, -0.015830782332139828, 12.582582702493639, -21.254624275027865, 12.393138777562571, -2.9352165845213727, 0.23529002679411096, -43.847516839424515, 71.56173669902127, -39.745587448932994, 8.715759258659961, -0.610646032877936, 42.08519190812072, -66.63212149494657, 35.27780936839285, -7.138400008050251, 0.4276838849901101
coscos, 2, 2, 3, 5, 46.905700131783206, -73.41157929404818, 39.64713567662385, -7.497457671764681, 0.6430730966984611, -361.7394526976684, 599.4114352296848, -353.9534004796163, 93.09388521015374, -9.14280290967044, 1390.4050903557406, -2420.816834078542, 1502.515185359705, -396.9702288164198, 38.08228567642147, -1629.3414477211238, 2861.881398691062, -1774.7216347653298, 464.98091536839337, -44.2485987915957
coscos, 2, 2, 4, 5, 2.5782961966684845, -4.60617845986941, 5.238778833811067, -1.0721164603035382, 0.09279929682529647, -74.43156008285213, 127.4768130816432, -78.04736202681306, 18.055546584961622, -1.448156523162759, 280.7078112612388, -464.1749222616661, 263.25014942711596, -57.21103021160072, 4.234269341434839, -275.3589300983939, 437.88990976619306, -232.8552704555507, 46.10603656433563, -2.9746197000450274
coscos, 2, 3, 0, 3, 11.336571318898256, -19.387023312290776, 11.670619486952818, -2.8979028814543084, 0.23430355969623903, -137.20463192367365, 243.96501590719384, -153.29096852197853, 39.64189647538994, -3.4357341363235707, 553.051561773886, -977.9112679838689, 604.2748793480288, -150.57038203216993, 12.128794611964647, -621.6039410217901, 1069.3637613266383, -631.4774969575762, 145.3557936652155, -10.009388125497278
coscos, 2, 3, 1, 3, 23.76079235375451, -30.896055865100312, 14.839456880694794, -2.4237373673783518, 0.14189593264527864, -486.23268469065977, 634.681494897107, -257.5221786746786, 37.93379408827595, -1.7266618050213143, 819.8318344963869, -660.697216324255, -44.46935594194723, 91.79525815840586, -11.166976191544997, -141.25941864602717, -335.7474663072064, 471.38160518038103, -128.2959774929125, 4.884650128980429
coscos, 2, 3, 2, 3, -0.1651297835397164, 0.6002919823775137, -0.3562470262762803, 0.13728591378508745, -0.013875158168252648, -27.959942622608523, 32.73020062007478, -9.68908669645764, 0.17117735361289665, 0.10395506805694829, 18.332338636041655, 32.09483885961226, -57.90780671522961, 21.28752602366197, -1.9647009455451236, 45.89465294212135, -125.34903351673329, 95.23532901566662, -22.38717510034877, 0.8989400160781293
coscos, 3, 0, 0, 7, -91.87334344391746, 169.46498245825234, -112.50441121008906, 31.732792933121473, -2.944653032745249, 1384.969791336416, -2444.181532352724, 1520.0461262235096, -393.86555232938963, 37.05976934532254, -5605.901728121096, 9857.832755180105, -6107.767195524685, 1573.8906918517798, -143.812281853338, 6280.715069985186, -10914.230220814994, 6640.956084649223, -1657.4734698050752, 142.06076095293955
coscos, 3, 0, 1, 7, 1.022559524697902, -1.8499687364119473, 2.112718479903117, -0.17192090091307016, 0.0016158280829422327, -2.750199722671142, 3.4218836510950856, -0.5686120935113763, -0.459371689717477, 0.1154796733399755, -0.1076218374477342, 4.37006923919741, -6.972408373241352, 3.144002496501059, -0.4404185471055126, 4.670639833342982, -11.174248274355262, 10.406582815822947, -3.800977013787042, 0.5061765367852433
coscos, 3, 0, 2, 7, -0.2744464191402356, 0.6240329441547311, -0.37680097713312993, 0.17438669856789465, -0.021762789518707474, 7.8744117701050085, -14.756773349660184, 10.05065716450041, -2.894354116603983, 0.3002571360948985, -34.29644916414997, 62.2147654520479, -40.59181649312388, 11.14468917344686, -1.0818030656718745, 40.64701242376985, -72.58379605428166, 46.54248541936574, -12.547861200279513, 1.2103606246671539
coscos, 3, 0, 3, 7, 31.148779637009596, -54.25179626432277, 31.74297131142634, -4.642491060764577, 0.1550495432119247, 77.90679346537912, -143.47152587801844, 109.16686313528803, -38.85189994533962, 4.495245305189185, -637.1202960941629, 1090.7356054248596, -683.0465526659129, 185.78959270537192, -17.160242256220133, 770.4869951584279, -1289.6424686094592, 777.896362426828, -199.411383088792, 17.79849732962497
coscos, 3, 0, 4, 7, 1.0102736764788651, -1.5680312175789766, 2.2161054851713655, -0.26362897098369587, 0.019914497234108618, -14.8052976130384, 24.81388087808134, -14.73971015744441, 3.5284030616500637, -0.2858914567928822, 53.59935659645408, -89.5146748399198, 51.75324529921517, -12.162293443178005, 0.935035845250835, -55.64676969453487, 91.79844933165636, -52.45524565294431, 12.040671145702333, -0.9006422436047536
coscos, 3, 0, 5, 7, 2.79420497211581, -3.433050185855511, 4.250098318223053, -0.7994796397109738, 0.08202731627783849, -58.51613568009995, 99.79321757679668, -62.51484021479102, 16.0604158884209, -1.448452169149804, 223.65077579631915, -385.0630129557288, 232.74626199377678, -57.450090795731846, 4.845750017287213, -239.24166966708927, 405.3391476233626, -238.18210705188005, 56.308378002505535, -4.431503747043554
coscos, 3, 0, 6, 7, 15.641787421442576, -28.725893414537428, 20.70801274981191, -4.364225361791587, 0.3842150436173976, -197.4228562802101, 358.51279752659934, -220.54682508242516, 53.39028673950438, -4.705122557460078, 728.1364583041013, -1284.5244657500496, 775.8433161143156, -188.14775979668218, 16.370882166018593, -805.4328899055198, 1387.8878943366697, -823.9730685425754, 197.66911883435168, -16.976010452037368
coscos, 3, 1, 0, 5, 173.48847015894475, -340.8219738084723, 245.29552533575665, -76.31562637167221, 7.782843467762223, -2895.342768626214, 5459.729623506714, -3708.633225489395, 1072.8279374477513, -111.09619475212888, 12710.222094518855, -23705.356031679912, 15898.66944993697, -4549.129241388392, 468.25862316671567, -16370.785539041337, 30417.130962486415, -20314.308457173072, 5786.002510947119, -591.4698192398905
coscos, 3, 1, 1, 5, -2.9653217967832424, 5.581175488433229, -2.372850062818901, 1.0745199404117871, -0.1221967139006919, 46.354612068149486, -87.94878706247975, 59.99403968663972, -17.708627269161436, 1.907832321990391, -214.94915100724276, 404.18200076588556, -273.4390118111986, 79.18344149709503, -8.308955956054795, 290.70396091278076, -543.6815992877489, 364.972308306321, -104.73892605267015, 10.85193625051517
coscos, 3, 1, 2, 5, -1.9323850970170113, 3.6205958460229044, -2.24247663947208, 0.7040767026096707, -0.07555778406487983, 32.21464395733697, -59.75079173886292, 39.84467775092245, -11.378825328624671, 1.178529291728169, -144.3506912441631, 266.0221544166922, -176.06656707941613, 49.691011293932085, -5.0480839328366995, 190.46650001495857, -350.25048495998345, 231.07150764061635, -64.96736979902933, 6.571936383013588
coscos, 3, 1, 3, 5, 0.944995458762211, -3.3617691206412728, 3.899767314354096, -0.7770717994582099, 0.07043141088089121, -37.40750072869895, 69.89788349204454, -44.49969887644711, 11.538702228262201, -1.0389433848482441, 159.28530808563363, -283.9163824478892, 177.26870675928868, -46.090964407164144, 4.177053801035222, -197.45176327248043, 350.9255505089465, -220.780807449589, 58.238433583539894, -5.41132817542369
coscos, 3, 1, 4, 5, 3.2207875939744084, -5.574936226285389, 4.823485274828743, -0.8681162224927595, 0.08624630021013623, -32.76710629910296, 60.176257819433985, -40.042158194671806, 11.42836252871771, -1.1947030762961954, 140.11451913542984, -260.69152787486917, 174.81473516812665, -50.490156923745666, 5.320362584285969, -198.41994634986125, 372.38303079094527, -252.8109397327149, 74.22353036628925, -7.9484336990258955
coscos, 3, 2, 0, 5, -47.57658669143819, 81.81897328599463, -49.057276384626086, 12.164966620347577, -0.9176732933359801, 437.68997422358973, -752.8213381600565, 456.1025521869144, -116.39279873407791, 10.84600854882837, -1768.4116943223446, 3136.525289154145, -1987.8209134581218, 537.4775327160996, -52.38751814008958, 2142.762886659165, -3812.958854685526, 2414.1738118161447, -642.644865748724, 59.420326663142575
coscos, 3, 2, 1, 5, 1.1535500659178606, -1.29170256672096, 1.2209526144423353, 0.0009168874474570655, -0.0036969631773605886, 1.099928069478136, -5.013560898219108, 4.43709955255583, -1.3077545082169664, 0.11419438124774957, -28.7357722630263, 54.276860476621664, -34.84796629738144, 8.75388733027321, -0.6651636981136468, 30.550597030219034, -49.550607657990014, 25.619502893546326, -3.8259846937660633, -0.1609669444380299
coscos, 3, 2, 2, 5, -0.9259273287890886, 2.0566755861633577, -1.3928216612352322, 0.386206312146466, -0.0344372977019349, 24.915034052944616, -43.76026701065301, 26.399803310291464, -6.421761345567212, 0.529748769827303, -104.52283857339259, 176.59175472582342, -102.54283924434716, 23.842579635650605, -1.8027111009978014, 105.27697542907319, -170.00338468826254, 92.03504586902244, -18.713649592420428, 1.0193390662720037
coscos, 3, 2, 3, 5, -58.774374179763946, 122.13454313436435, -87.55048103643382, 25.5042952467865, -2.2461145071601183, 1295.3117200207305, -2291.5948919934935, 1421.7720089324164, -355.11450145805355, 30.632596930901588, -6407.98846706564, 11122.713280123407, -6776.210524582947, 1673.7951507498653, -138.14862140143222, 6755.828353385649, -11160.723372232349, 6308.595017838032, -1349.7135297757038, 81.5540529383229
coscos, 3, 2, 4, 5, 1.1328168840556794, -1.6812014321672017, 2.2731969245728325, -0.32820295924558174, 0.02848152081423166, -21.472437762416117, 37.68738538802163, -23.734565538285946, 5.675573379177713, -0.461515449054542, 82.57105707985988, -140.95778742489887, 81.90299116198379, -18.19365582908352, 1.3451020268296776, -83.85108658514254, 137.25199593002225, -74.8632476907538, 15.304463066551259, -1.0184022582735366
coscos, 3, 3, 0, 6, 89.63080057349535, -126.68519631300879, 51.479589832373044, -4.728382073032947, 0.12272893300281319, -575.8586166444843, 877.7647373509735, -441.44905484548906, 86.45116194121924, -4.871664903470959, 840.7180974558379, -1145.133156402025, 450.22210925768974, -38.470688119402354, -5.368270542502905, -543.5947894689484, 814.6205202995574, -424.22574259718124, 106.20995914052436, -12.938426933262498
coscos, 3, 3, 1, 6, 0.5952355157561046, -1.4238088180833481, 2.1223715519646924, -0.2586319352343645, 0.02225875739199602, -11.978240966048645, 21.976357950750266, -14.17255884435614, 3.7445137160723707, -0.3406807335451039, 50.58612724929851, -90.2161748490261, 56.54051734225411, -14.644917331121952, 1.3067155906097483, -60.75563145044131, 107.71824134076945, -67.11337349661444, 17.35604673115255, -1.565190380669444
coscos, 3, 3, 2, 6, 0.3455211306855782, -0.6051704208001967, 0.5012100607007828, -0.10261892668895087, 0.008040288073103015, -5.525113716878465, 9.662365203046551, -5.990508748814759, 1.5406187500145252, -0.1334426176549033, 21.683686298173406, -37.69432100337684, 23.1125528904707, -5.849960522494798, 0.49864769441960705, -25.029390853357185, 43.32562423664208, -26.307821670295997, 6.538843140699018, -0.5409645610121502
coscos, 3, 3, 3, 6, 25.82932821245897, -49.61678389892051, 37.25481230215349, -7.630685714382573, 0.5888471608416306, -285.5576041257231, 492.2800416577671, -309.4196761218478, 78.53626591073154, -6.612946499034675, 1060.0676465647489, -1809.4844605636408, 1101.6318940174638, -270.83698377740495, 22.684009831536667, -1170.866002797449, 2012.2322684560438, -1221.4197777449997, 304.60897391005665, -27.191515785233932
coscos, 3, 3, 4, 6, -0.19243970008283967, 0.3313859337183775, 1.149785076096341, -0.012677313299958323, 0.0024145127208555846, 0.10192616743100964, 0.25093913535833173, -0.6764037604715435, 0.2554917741204442, -0.022285909645580658, 2.286126807908574, -5.106185142263304, 3.6006953665499366, -0.9345023673904658, 0.04309150862022547, -2.1101638256203783, 3.6485187953285085, -1.9051532373569453, 0.16732383377170368, 0.0677518592514984
coscos, 3, 3, 5, 6, 3.2866853506340683, -2.09444466993908, 2.744439023097869, -0.3169813328208064, 0.030422813779483734, -36.16059967013255, 49.32513801855627, -28.29541502903928, 6.830358196995385, -0.584634804255066, 107.88809200375519, -164.73374730314035, 93.54634420762126, -21.63029428224234, 1.6749665477234963, -99.01397938247663, 153.32957548443295, -84.1699623747104, 17.947265180192137, -1.1815971061795305
sinsin, 1, 1, 0, 6, 116.04783844873639, -171.42575151361777, 89.19648373927795, -22.99068651070577, 2.207324993136602, -4472.275217059558, 7476.675698705581, -4332.292516708375, 1026.1847668117434, -83.88854414369557, 23313.69028922472, -39453.95903918273, 23131.47936901445, -5491.774101659398, 433.4340174249505, -27411.754138078966, 45254.412409558216, -25340.413005037633, 5462.082756245454, -335.0344052008177
sinsin, 1, 1, 1, 6, -1.5371344140206342, 0.48025779368561405, 2.3963530461839966, -0.5445324105082896, 0.04565678567090402, 67.92929505978883, -103.15356262543608, 52.29401047128983, -10.892836462059702, 0.8576051869450123, -427.86083996543186, 707.9697225184054, -406.19403852094996, 96.78092469633182, -8.140648996989924, 546.474799124865, -894.4197562529515, 499.0133243552578, -110.07238740909743, 7.485997900895246
sinsin, 1, 1, 2, 6, 9.018220892712213, -15.083909563712197, 8.872280723297548, -2.010039840636847, 0.15258403099937773, -91.76243097998204, 152.06014102740104, -86.9740070665334, 20.040612294458583, -1.5269107910707318, 250.227939277504, -402.7568470426556, 219.89734502787294, -46.6539185833676, 3.0442734830040576, -204.9051781082579, 318.5464859703656, -163.89470452996417, 31.156228939657105, -1.6109172346542127
sinsin, 1, 1, 3, 6, 22.219835247679608, -73.76504118554188, 70.20019709370258, -18.79010292682929, 1.488627437501973, 3.1473425638811334, 187.46048330255584, -240.5396209782209, 70.98970185200065, -4.902527728347151, -1000.2599640432196, 1397.0890649802095, -661.2756511753613, 182.33290210160231, -23.385758769037437, 1670.3726489321346, -2616.975411647185, 1433.7840088421976, -354.78019172899417, 30.014200470524315
sinsin, 1, 1, 4, 6, 26.396424195963608, -38.07776558619061, 13.21004373224099, -1.566874096692317, -0.24391552371746159, -257.41689386360133, 358.6556635981922, -144.4596658388165, 6.7433882513246965, 3.8502868826436116, 621.1931267971825, -742.9262311961279, 155.87119108526014, 80.83776395955775, -24.824958683581922, -217.0685201933519, -67.85400261891076, 450.73215848675187, -279.37331251001797, 48.84417302383711
sinsin, 1, 1, 5, 6, -46.40771955418286, 68.46218447827196, -27.837899989489255, 3.2939981896157016, 0.367119996191198, 525.1452086263614, -773.1520639335316, 352.6439831225136, -40.974646402279575, -3.657082230155895, -1481.1338095795932, 2046.9107525194513, -781.6692358740156, 7.314843219061118, 27.630805269135575, 964.7253242987715, -991.6465497973722, -24.81424940588465, 262.19531314635896, -60.84676167263912
sinsin, 1, 2, 0, 6, 292.366822772691, -510.80049188480365, 312.97064544379003, -80.6082938505626, 7.192080671901936, -4820.753503076739, 8426.027155127116, -5154.607514690525, 1297.9827376659828, -112.8080938184973, 18966.81455452769, -32721.649498629762, 19638.951578201773, -4788.665962143495, 387.63767202353745, -20203.904746778935, 33995.01089632914, -19592.0379187405, 4434.969739966423, -304.62863631708694
sinsin, 1, 2, 1, 6, -0.17709421075666756, 0.13013311987473986, 1.3574036667582898, -0.1791518517817342, 0.01818055764168881, -14.247177241066286, 23.005754076917512, -13.64159054999627, 3.34471778653247, -0.2921170416186055, 57.1334084652585, -90.33862860018698, 50.572197124646856, -11.591389617866044, 0.9717925464124313, -57.296769431220746, 89.62951991852366, -49.29001012964701, 11.258018196822805, -1.0370073923832366
sinsin, 1, 2, 2, 6, -0.9286901125641385, 1.530500986896631, -0.6651010562910206, 0.16045074656727024, -0.013780468984599599, 12.98968521696508, -22.073741024483844, 12.882128209646131, -3.039685430663477, 0.24214344004428398, -50.153618687213594, 83.76477848258094, -47.59691944009385, 10.6949799593642, -0.741082652810146, 50.52954670735952, -80.6755060265015, 42.32563659754591, -7.990137972380721, 0.29459496923474465
sinsin, 1, 2, 3, 6, 0.033377273308262484, -5.412081054654299, 16.40382360132051, -5.374604153664499, 0.5855104779582215, -336.6150764172274, 607.0060026832397, -410.82969737585324, 111.03235325515696, -10.345819078333104, 1533.6295867763274, -2673.245683902036, 1682.1062749303442, -427.80910064002853, 38.43670715048734, -1853.2536642290324, 3209.7899732940064, -1979.4704512147312, 501.1592369508859, -46.77821891084103
sinsin, 1, 2, 4, 6, -24.06278368281809, 40.592908022141465, -26.631433965635154, 5.862197725959491, -0.6050840894144046, 407.74914187311543, -717.0239207006925, 444.49606310994267, -118.59158803672172, 11.991531620279437, -1757.0458684368864, 3119.310326969708, -1964.6700907236993, 528.8983940928027, -52.17927581937522, 2152.797386232221, -3827.818348495842, 2419.492225521393, -649.6999539063042, 63.09586372826637
sinsin, 1, 2, 5, 6, 34.680038540713234, -58.81157621555285, 36.687379142610325, -8.54309074250423, 0.9004183171846628, -612.9511956579266, 1081.6494285325673, -673.1720694999221, 180.07533643019212, -18.36058117218567, 2678.1749744665744, -4767.401144346316, 3011.5970189164204, -813.2373275212699, 80.80159178790038, -3300.7813507051096, 5881.594453931687, -3726.1976909297505, 1003.3675217794964, -97.97641106988544
sinsin, 1, 3, 0, 6, 521.1939338885552, -903.2775928966029, 563.94516846931, -153.46806124535865, 14.25567205560242, -10829.751163810126, 18671.63782611591, -11304.21341021606, 2832.588484550371, -243.66843486611316, 39937.75805823556, -67543.08060798535, 39563.37465286421, -9355.869898891031, 723.657666342966, -37828.28363955914, 61548.92142921293, -33705.0286526664, 6990.034522283791, -389.6805020837573
sinsin, 1, 3, 1, 6, -10.796107472553588, 15.07684399118791, -5.515019668516021, 1.111372461581027, -0.06551495030076607, 82.66549352460778, -116.40162831587686, 52.24676872698337, -8.70762010697311, 0.40899162795822525, -138.2867042961466, 159.5799415809052, -39.933560428663135, -5.423473855602529, 1.8385939081339528, 17.347538149835003, 48.338111317384886, -87.00792597328672, 38.249086451500084, -4.834419666341819
sinsin, 1, 3, 2, 6, -3.5058153426424674, 5.435431460862903, -2.6925075119036146, 0.5959884929563133, -0.04579223925535182, 45.37249478540982, -72.33676799634648, 39.29124554719367, -8.513684178816131, 0.6098666521682317, -126.5005614497013, 192.5816203409379, -95.96756415421584, 17.276581206594514, -0.7571756875686799, 85.48401447546722, -112.82078797393214, 39.58072006780675, -0.14351543507462372, -1.1069141564979477
sinsin, 1, 3, 3, 6, -231.72248787229947, 426.87606763390403, -153.47162491813054, 18.594487648588014, -0.44162039678465426, -371.163928471228, 379.8039401458375, -615.7969020249107, 231.60672956939268, -24.17385411397611, 4516.82604728284, -7137.182305694343, 4796.290805147948, -1270.215795127337, 110.10133715479246, -5448.318301714508, 8704.307792358719, -5238.086176047208, 1230.3874081539525, -91.0014060503391
sinsin, 1, 3, 4, 6, 2.5623693020789666, -5.2788414002181705, 5.126139211899252, -1.2517503135225363, 0.15282500287381637, -20.33750639515276, 40.08270640768978, -28.90109615722978, 9.069139162524316, -1.0796788619484485, 81.2508653698928, -156.9808828192368, 110.5863380133632, -34.001526878953094, 3.885649733433369, -79.98735198185447, 149.80004063919677, -101.4822996567478, 29.527407510379568, -3.111810958300691
sinsin, 1, 3, 5, 6, -2.399115962187287, 4.38868994501429, -0.9410731307647239, 0.4111220361074932, -0.008907150171853508, -38.60896680147648, 73.45698839098131, -51.70797013563372, 16.201914402165702, -1.811214663064537, 162.64791141020106, -300.6260007872673, 200.19636814380627, -57.5021831076123, 5.829020814291411, -202.83959764084082, 378.49798141085756, -256.174185603947, 75.15132843490066, -8.102869641078017
sinsin, 2, 1, 0, 5, 10.224432523175189, -7.774822452447928, -3.4430571655507745, 4.010417399586452, -0.48684042655384924, 196.30888007340647, -420.99721595093774, 307.7085105813864, -91.81510239183919, 9.158742222558299, -1214.7916007859762, 2308.2078085453345, -1530.4394403682668, 417.70516915790654, -38.95957391705498, 1538.1143109986263, -2785.381460530215, 1753.5072623764383, -448.01025212989305, 38.098108106052045
sinsin, 2, 1, 1, 5, -0.10740618869118781, 1.990884963897782, -0.619555300800778, 0.5463270660630193, -0.06083247132298361, 40.287580725866924, -71.96560817737769, 44.544571443789444, -11.513254538188306, 1.0753334484698405, -150.1745623603356, 251.05787671551633, -148.23877235106676, 36.39603509178923, -3.1715108256900986, 161.68853694623073, -273.0673052427014, 165.36820498327404, -42.80498487758719, 4.21623050778124
sinsin, 2, 1, 2, 5, -1.1402993148673288, 2.405638297586887, -1.5303572886136285, 0.47514830064129926, -0.04780513054535605, 18.47186183633577, -38.51735704851343, 26.672307866638253, -7.481617996032018, 0.7336787364865996, -94.03682396124955, 179.72072896503622, -117.09282279174934, 31.084631075023374, -2.825174878392183, 117.3681489174657, -212.9554390092399, 132.603507344662, -33.47974743484841, 2.8712374689270206
sinsin, 2, 1, 3, 5, 53.78254344262957, -68.91625146416199, 30.786124068514066, -3.2335447579310617, -0.11089440065030579, -115.36259786431503, 89.51111244825564, -3.8961449771637966, -14.814938598062813, 5.904583383561059, 872.1232011294031, -1277.6795919497254, 534.5707080339099, 16.808908159880765, -43.00684204576962, 2501.6093238994213, -6390.966781494304, 6129.904951603228, -2619.488920561531, 436.2463225020226
sinsin, 2, 1, 4, 5, 0.6358807294882705, -0.7471003601475249, 1.5540546232037784, -0.027316010728133555, -0.003764680162873465, -17.87356013842919, 16.16348116517625, -3.5430337258287086, -0.3277121914632848, 0.13297075597089017, 18.54174843931834, 8.9658294814077, -24.64333151837451, 9.83402368780533, -1.1705289959377843, 17.32672970245441, -58.620907102905285, 48.37937647909959, -14.061559290731907, 1.34530814401231
sinsin, 2, 2, 0, 6, 118.69001697415038, -227.08347854727555, 152.52117093350702, -44.27431611747125, 4.1724522597123865, -2440.040718188992, 4364.386771054719, -2726.6972972971635, 693.4520978152195, -60.2447526508964, 9709.74435233887, -16811.629280489757, 10067.843476080265, -2406.158553656612, 181.01807671682852, -9820.770010829146, 16243.33543509356, -9040.646690495358, 1864.0539762611195, -90.7027427323512
sinsin, 2, 2, 1, 6, -2.205210480042653, 3.4386125932293, -0.618154585405628, 0.3875902346761065, -0.035668618603258484, 29.374628073230465, -48.86797018267189, 27.745050806101126, -6.470183225750877, 0.5212348399971353, -93.68892272192092, 151.0537442597944, -81.50804571493993, 16.935639694998926, -0.968702409612756, 78.12512576957155, -116.84818064072384, 54.45100039472767, -7.594852716678762, -0.17650549013366307
sinsin, 2, 2, 2, 6, -1.164288054747065, 2.0283570836751217, -1.0619055234651724, 0.30170175283889883, -0.028473095247149513, 17.63231958341255, -30.459859853665364, 18.41689722463935, -4.611205818780169, 0.4066916688713048, -63.36687379199486, 107.18174993975808, -62.783823451435225, 14.907048069531188, -1.155675669836027, 62.98519034886204, -103.5516904362179, 57.99211606176239, -12.674963121004106, 0.8282040448620441
sinsin, 2, 2, 3, 6, -83.74238726102064, 115.97410957623582, -43.34158698052946, 8.17946270368764, -0.5719927905742701, 720.239642632072, -1034.0191212789796, 471.34159963397343, -89.33372460927906, 6.174350425716583, -1617.5007086167718, 2198.9638094550096, -912.8385895532255, 143.58770841811366, -5.914050174088192, 1025.1419769871186, -1249.5619505604832, 412.3226672631855, -34.57223157983722, -0.9731784975009726
sinsin, 2, 2, 4, 6, 0.13766132142364826, -0.22894549766662026, 1.850557885748891, -0.19330546000389756, 0.020905648783393783, -10.879668846725364, 19.074578917412282, -13.090539242378298, 3.62210904644372, -0.367153924171422, 51.493211722347525, -91.42141631144437, 59.41473920110881, -16.234992884452698, 1.6199407318586394, -65.91920031841052, 117.71680943563187, -76.19636079301155, 20.886750016937185, -2.0985694531061876
sinsin, 2, 2, 5, 6, 4.534178838125677, -10.259897160450135, 8.935995172772055, -1.9163926071583064, 0.1938482911156524, -95.32235946986707, 184.19721939867995, -119.01484664905418, 31.462931211376905, -2.983248140857009, 404.63016761686634, -739.2039712176123, 463.0489669492615, -119.08782663154068, 10.5522331503787, -456.74193149422706, 804.1879241709978, -486.8453671938741, 119.01027725313621, -9.546917222834002
sinsin, 2, 3, 0, 5, 107.37559335079558, -213.47505344322818, 161.0245422831445, -50.57542986529884, 4.259596600237803, -1426.7917138366004, 2363.839469538088, -1407.9722210419484, 344.47804598352906, -26.4723871153163, 6290.724074982432, -10207.340284031006, 5942.820948158137, -1439.288648928328, 114.83949215005951, -5055.093947471198, 7396.5085208923065, -3555.72764944183, 537.2758836606613, 13.257124285852882
sinsin, 2, 3, 1, 5, -3.1812883872805138, 4.391041913989815, -0.8666138436492701, 0.43856073149282776, -0.038132263244381834, 28.43366309052743, -38.380120725992256, 19.55072530774558, -4.614623239965199, 0.4264014649809641, -77.45722703126734, 118.89100659260845, -72.50601157906125, 20.33047997002592, -2.197728249691286, 175.87766135817597, -289.95449206581344, 181.1943364288283, -50.17635832193198, 5.117653452725145
sinsin, 2, 3, 2, 5, -2.3918513927909504, 3.4200806209432804, -1.5438865218488946, 0.35200281271785533, -0.027394660702337183, 32.51313384596325, -44.18320800784294, 21.533490529222366, -4.495328297046426, 0.34179955827535363, -125.34855286883216, 168.03055447334975, -81.50350703843563, 16.984143842607807, -1.30049641591526, 136.7595278913427, -180.28174056939804, 85.74857963633923, -17.460999466859068, 1.298063382770064
sinsin, 2, 3, 3, 5, 0.13644468876128354, 1.9353042120557569, -0.891281015302468, 0.6422874891862188, -0.061224602949251555, 100.94105844431724, -156.37700115294106, 82.88256632259413, -17.85598160782931, 1.302890521031083, -246.8802133615859, 340.9382990068581, -151.18887818383857, 23.80983075324776, -0.8411591046623069, 165.72376731922128, -203.59224188745986, 71.20387396429652, -5.405587098080535, -0.44127412500778107
sinsin, 2, 3, 4, 5, -12.053602126259786, 15.634922859969832, -5.823635214934313, 1.3535732538556595, -0.09202070168708233, 104.37533577820668, -123.89606783736178, 50.24019404726021, -8.026873023614908, 0.4391705658982158, -37.046421395759026, -41.553146109783576, 69.86973435839518, -25.14545462163069, 2.3759145555543664, -8.590780713719976, 45.23846270735852, -22.765975178333058, -2.9527029324031413, 2.2188209539929984
sinsin, 3, 1, 0, 4, 12.525166545491425, -22.410493027709474, 14.604260636703227, -4.556235278881372, 0.37971383096853856, -176.26661272414893, 323.0255736543383, -212.09597219040538, 58.673149610829014, -5.592539868202285, 748.4051866471121, -1367.6940015071445, 892.0828619090896, -244.3508761087647, 23.579504901118415, -926.9785111762789, 1681.2479216338495, -1083.5636778993633, 292.1194188419621, -27.50512415553621
sinsin, 3, 1, 1, 4, 3.1158267321306066, -5.957520438987899, 5.363268711685205, -1.0966348847981031, 0.0966213043706182, -56.173276407060136, 98.56821831292912, -60.88614046052086, 15.42619079397431, -1.3616523479706832, 224.57417224893103, -387.8966221348439, 235.12416789845923, -58.609479894622844, 4.984330271909076, -250.23484434207222, 426.26957758925136, -253.6391199333512, 61.26046636061534, -4.960946232943814
sinsin, 3, 1, 2, 4, 1.9730750104683417, -3.483265954077203, 2.3083883737471114, -0.5100332393856642, 0.043578859238919805, -23.488099564234194, 41.39636067438993, -25.55638709534082, 6.5521963427247165, -0.5901473905866814, 94.11032617546749, -165.34805757171677, 101.5638703301391, -25.74726547718451, 2.252565544989559, -109.22012070507287, 190.0515331246784, -115.29805069990883, 28.670063387560432, -2.4418044313978515
sinsin, 3, 1, 3, 4, 2.3207804688305638, -4.337000851930728, 4.296687561020651, -0.8316173963948934, 0.07375270939806257, -43.84495689742222, 77.12515872351902, -47.93603576832278, 12.077858533596748, -1.0651765918485088, 177.0170474244372, -305.53277685240863, 184.85059916943226, -45.885854067518096, 3.8924553777564332, -197.00657309006525, 334.61109025180684, -198.20606348311372, 47.56447670249049, -3.802240946009534
sinsin, 3, 2, 0, 6, -15.667816126750958, 52.266112017291384, -56.628248167556876, 24.89210994568818, -2.5100490803291464, 1820.5565700626685, -3317.625239010339, 2145.2534762221376, -575.1789371042166, 53.08880266125529, -8164.659212428325, 14542.490430068889, -9155.423296949753, 2395.8260266815337, -218.1760191831519, 9561.198070621529, -16741.303321474676, 10276.952041945797, -2583.6637888448045, 217.00321923562285
sinsin, 3, 2, 1, 6, -0.07078784464568294, -0.4117823886101091, 1.7007080675986495, -0.2283056619700192, 0.01913261855956306, 0.968839300694572, 1.942610721113724, -3.2708701829799463, 1.2829351611843376, -0.13755852792619977, 24.17235014413995, -53.51636407267902, 38.57501652477239, -10.651981768529241, 0.8842550529106801, -26.242489233055682, 49.148828922422844, -27.4233728052054, 4.462446751537114, 0.08312629668678075
sinsin, 3, 2, 2, 6, -0.601705280136341, 1.010388301595506, -0.44350094557969305, 0.13396924837597837, -0.013762069341128445, 14.820091733270747, -25.08789797820044, 14.869052392660828, -3.604574287491758, 0.3048431511067499, -53.12170378510525, 88.49863121020464, -51.0959157016788, 12.06514439473423, -0.9857940658501221, 60.80470529345663, -102.77198061193864, 60.88036271708152, -14.992617278535665, 1.301260333736754
sinsin, 3, 2, 3, 6, 49.812411573486386, -95.22105914985093, 67.08973704937127, -14.940102579306727, 1.2055309781177093, -396.75105086896025, 810.8660054721765, -530.133004825301, 143.25707565087032, -13.12080655273325, 3181.4560699838808, -6035.992581728457, 3792.8527895389034, -954.8286361381936, 79.09689594189129, -4791.040856604741, 8606.111185841213, -4905.286303730758, 1060.1854667608493, -67.00120442326853
sinsin, 3, 2, 4, 6, 1.326615978495578, -2.6413043626687145, 2.661759521395357, -0.36671534203551026, 0.02836750498931896, -15.137915179403455, 25.97711024042655, -15.330959203901697, 3.667779500611229, -0.3065120830366453, 55.404981615888374, -93.86807434467502, 55.346019105794184, -13.278568546147271, 1.065552862472257, -57.27926688183133, 95.16331694152962, -54.43647992949881, 12.322650472690711, -0.8887303095749123
sinsin, 3, 2, 5, 6, -2.0995703637439482, 3.647076920127603, -0.7772530275992736, 0.488585829143058, -0.032535016188009996, 1.800924057843042, -2.7017190813206247, 0.9164338712343069, -0.0753639162823299, -0.008562913918767033, 24.967719832601812, -44.5316530128396, 28.3559591392838, -7.3317451668709595, 0.6070051754925494, -26.031119472094762, 38.20340991800097, -16.458139837255537, 0.8254534742876921, 0.5431470800913947
sinsin, 3, 3, 0, 6, -161.97318080627, 300.98175968541614, -200.21246566070954, 55.436004466150564, -4.808888930164029, 2596.430504675517, -4653.196464154652, 2959.2910999396818, -785.3585167710614, 72.23499184815364, -10603.479703322235, 18787.979752290987, -11761.230117008297, 3054.7565885507865, -272.5848274117105, 12016.896012398744, -20993.16550856989, 12858.500261156054, -3223.9924900153133, 271.1922169101762
sinsin, 3, 3, 1, 6, -1.5170982367624035, 1.7454822254755025, 0.5371098154149795, 0.003389305948232266, 0.00321688512503419, 0.6091038766952613, 3.1304564417765635, -4.2636377570903905, 1.297751542300371, -0.11811284619193127, 16.514996641921606, -33.95274780250914, 22.2430492606346, -5.488998354965888, 0.4295619219075997, -19.2813559179865, 33.39369252291359, -18.39990306250554, 3.6589623356886656, -0.1667839612411582
sinsin, 3, 3, 2, 6, -2.080646423069047, 3.1896112685744944, -1.4914292602960626, 0.32828226157137097, -0.02592849992245561, 22.328887647272996, -35.42994271034446, 19.501391146575653, -4.448899882094766, 0.34968971339373367, -72.45349338707449, 115.23315235418815, -62.93172101321455, 13.599277686176114, -0.9471426793372651, 67.98473988284422, -105.4892038467036, 54.72739636871021, -10.619301254224931, 0.5963063110246438
sinsin, 3, 3, 3, 6, -36.02747963166162, 53.275613406258366, -24.891983862568015, 6.364256755024497, -0.4971510493767708, 388.60062573053, -622.0189023191567, 344.26702869166536, -79.18131383988884, 6.262337642403925, -1256.1340559770256, 2019.043817889331, -1113.019850305823, 248.61101407162187, -17.94162515126356, 1202.1746142598818, -1893.442344157107, 1005.9757252808483, -206.7057435614924, 12.20003220589048
sinsin, 3, 3, 4, 6, 1.7080094849418357, -2.794707749550356, 3.0137947871242825, -0.5029495299278508, 0.04275108720347189, -31.718669293352434, 54.167575768284124, -32.17245599209253, 7.657472287536682, -0.6258241299660361, 120.09662876090965, -200.11994578839068, 113.5719963824288, -25.91114407423599, 1.9438955878140924, -117.83762108491572, 188.53897329404683, -100.82932628665725, 20.677272563266115, -1.216527877759741
sinsin, 3, 3, 5, 6, 9.05745960157147, -12.626323816786337, 8.981926361025126, -1.7651678496956977, 0.14897769791060783, -125.05178982775725, 206.0432580168062, -118.22580205198898, 27.70855918108336, -2.253532694022919, 425.3109724519577, -702.0523021131091, 393.4843273968453, -88.9318987927911, 6.667372603532633, -407.6247032133063, 653.8899973980482, -350.0896627374831, 72.50367997001008, -4.4517990870216035
